STATO,NOME,TIPO,TELEFONO,INDIRIZZO,PROPRIETARIO,EMAIL,SITO,NOTE_SEBASTIANO
IN_ENTRAMBI,Stadt Hotel Città,Hotel,+39 0471 1800161,"Piazza Walther 21, 39100 Bolzano",Podini AG (Cellina von Mannstein founding),info@hotel-citta.com,www.hotel-citta.com,Inviare  email info@hotel-città.com
IN_ENTRAMBI,Design Hotel Greif,Hotel,+39 0471 318000,"Via della Rena 28, Piazza Walther, 39100 Bolzano",Famiglia Staffler (Franz Staffler) - Dir. Doris Gotter,info@greif.it,www.greif.it,ok
IN_ENTRAMBI,Falkensteiner Hotel Bozen Waltherpark,Hotel,+39 0471 1431601,"Via Alto Adige 31, 39100 Bolzano","Erich/Andreas Falkensteiner, Otmar Michaeler (FMTG)",bozen@reservations.falkensteiner.com,www.falkensteiner.com,inviare email bozen@lalkensteiner.com
IN_ENTRAMBI,Ristorante Pizzeria Casa al Torchio,Ristorante,+39 0471 978109,"Via Museo 2/A, 39100 Bolzano",,,,non risp
IN_ENTRAMBI,Paulaner Stuben,Ristorante,+39 0471 980407,"Via Argentieri 16, 39100 Bolzano",,,,non interessati per ora
IN_ENTRAMBI,Cavallino Bianco,Ristorante,+39 0471 973267,"Via dei Bottai 6, 39100 Bolzano",,,,non interessati per ora
IN_ENTRAMBI,Löwengrube,Ristorante,+39 0471 970032,"Piazza Dogana 3, 39100 Bolzano",,,,info@löwengrube.it inviare email per fix app
IN_ENTRAMBI,La Torcia,Ristorante,+39 0471 973236,"Via dei Conciapelli 25, 39100 Bolzano",,,,"titolare fuori, rientra tra due settimane"
IN_ENTRAMBI,Ristorante Pizzeria Il Giardinetto,Ristorante,+39 0471 401983,"Via Tre Santi 1, 39100 Bolzano",,,,---
IN_ENTRAMBI,Campo Franz,Ristorante,+39 0471 233729,"Piazza Walther 13, 39100 Bolzano",Franz,,,non interassato
IN_ENTRAMBI,Osteria Il Tinello,Ristorante,+39 0471 324711,"Via dei Conciapelli 38, 39100 Bolzano",,,,già clienti
IN_ENTRAMBI,Matté Pizzeria Napoletana,Ristorante,+39 375 6974238,"Galleria Europa 28, 39100 Bolzano",,,,ok
IN_ENTRAMBI,Hotel Figl,Hotel,+39 0471 978412,"Piazza del Grano 9, 39100 Bolzano",Hotel a gestione familiare,info@figl.net,www.figl.net,
IN_ENTRAMBI,Ristorante Laurin,Ristorante,+39 0471 311000,"Via Laurin 4, 39100 Bolzano",Famiglia Staffler,info@laurin.it,www.laurin.it,inviare email purchansing@laurin.it
IN_ENTRAMBI,Jalal,Ristorante,+39 392 6335060,"Via Doktor J. Streiter 21, 39100 Bolzano",Jalal,,,
IN_ENTRAMBI,Ristorante Anita,Ristorante,+39 0471 973760,"Piazza delle Erbe 5, 39100 Bolzano",,,,non risp
IN_ENTRAMBI,Hotel Ristorante Feichter,Ristorante,+39 0471 978768,"Via Grappoli 15, 39100 Bolzano",Famiglia Feichter,info@hotelfeichter.it,www.hotelfeichter.it,
IN_ENTRAMBI,Hotel Adria Garni 1956,Hotel,+39 0471 975735,"Via Perathoner 17, 39100 Bolzano",,info@hoteladria-bz.it,www.hoteladria-bz.it,non interessato
IN_ENTRAMBI,Eisenhut Boutique Hotel,Hotel,+39 0471 1393700,"Via dei Bottai 21, 39100 Bolzano",,info@eisenhut-bozen.com,www.eisenhut-bozen.com,"inviare email email informativa info@eisenhut-bozen.com
Dellago Sophie direttrice"
IN_ENTRAMBI,La Briosa,Hotel,+39 0471 975221,"Via Cappuccini 12, 39100 Bolzano",,info@la-briosa.it,www.la-briosa.it,Inviare email info@napurahotel.it   Direttore Zonofio
IN_ENTRAMBI,Falkensteiner Hotel Bozen Waltherpark,Hotel,+39 0471 1431601,"Via Alto Adige 31, 39100 Bolzano","Erich/Andreas Falkensteiner, Otmar Michaeler (FMTG)",bozen@reservations.falkensteiner.com,www.falkensteiner.com,Inviare email bozen@falkensteiner.com
IN_ENTRAMBI,Kolpinghaus Bozen,Hotel,+39 0471 308400,"Largo A. Kolping 3, 39100 Bolzano",Opera Kolping,info@kolpingbozen.it,www.kolpingbozen.it,info@kolpingbozen.it
IN_ENTRAMBI,Parkhotel Mondschein,Hotel,+39 0471 975642,"Via Piave 15, 39100 Bolzano","Famiglia Dissertori (Klaus, Moritz Dissertori)",info@parkhotelmondschein.com,www.parkhotelmondschein.com,chiamare più tardi
IN_ENTRAMBI,Hotel Regina A.,Hotel,+39 0471 972195,"Via Renon 1, 39100 Bolzano",,info@hotelreginabz.it,www.hotelreginabz.it,
IN_ENTRAMBI,Hotel Dolomiti,Hotel,+39 0471 251994,"Viale Venezia 3, 39100 Bolzano",,info@hoteldolomitibolzano.it,www.hoteldolomitibolzano.it,
IN_ENTRAMBI,Scala-Stiegl,Hotel,+39 0471 976222,"Via Brennero 11, 39100 Bolzano",,info@scalahot.com,www.scalahot.com,
IN_ENTRAMBI,Castel Hörtenberg,Hotel,+39 0471 1800355,"Via Monte Tondo/Hörtenbergstr. 4, 39100 Bolzano","Famiglia Podini (Alex Podini, Anna Podini)",reservations@castel-hoertenberg.com,www.castel-hoertenberg.com,
IN_ENTRAMBI,Ristorante-Trattoria Gatto Nero,Ristorante,+39 0471 975417,"S. Maddalena 2, 39100 Bolzano",,info@schwarzekatz.it,www.schwarzekatz.it,
IN_ENTRAMBI,Youth Hostel Bolzano,Hotel,+39 0471 300865,"Via Renon 23, 39100 Bolzano",Ostello della Gioventù,bolzano@ostello.bz,www.ostello.bz,
IN_ENTRAMBI,Stadt Hotel Città,Hotel,+39 0471 1800161,"Piazza Walther 21, 39100 Bolzano",Podini AG (Cellina von Mannstein founding),info@hotel-citta.com,www.hotel-citta.com,
IN_ENTRAMBI,Insushi,Ristorante,+39 0471 935478,"Via Dalmazia 39, 39100 Bolzano",,,,
IN_ENTRAMBI,Dom Cafe S.a.s.,Bar,+39 0471 977077,"Via Alto Adige 2, 39100 Bolzano",,,,
SOLO_SEBASTIANO,Cornelian Rooms & Suites,,0471 1430095,Via Argentieri,General manager  Sign. Wieser,,,gestisce Manna Hotel 40 minuti da Bolzano
SOLO_SEBASTIANO,Hotel Palais Hortenberg,,0471 1801036,"Via Laurin, 4",,,,info@palais-hortenberg.com
SOLO_SEBASTIANO,META Skybar & Restaurant,,3420401131,"Piazza Walther, 13",,,,non risp
SOLO_SEBASTIANO,Aida Restaurant Pizzeria,,0471 975369,"Piazza Walther, 1",Mayer,,,non interessati per ora
SOLO_SEBASTIANO,Römerkeller,,3293661303,"Via dei Portici, 60",,,,non risp
SOLO_SEBASTIANO,Vögelino,,0471 971387,"Piazza Walther, 10",,,,chiamare domani
SOLO_SEBASTIANO,Loacker Café,,0471 053673,"Piazza Walther, 11",,,,non risp
SOLO_SEBASTIANO,Pasticceria Gasser,,0471 971427,Piazza Walther,,,,---
SOLO_SEBASTIANO,Osteria dai Carrettai,,0471 970558,"Via Doktor Joseph Streiter, 20 - 39100",Sartori Stefano,,,
SOLO_SEBASTIANO,Il Corso,,0471 262307,"Piazza della Vittoria, 44, 39100 Bolzano BZ",,,,lunedì chiusi
SOLO_SEBASTIANO,Restaurant Arôme Thaler,,0471 313030,"Laubengasse, Via dei Portici, 69, 39100 Bolzano BZ",,,,
SOLO_SEBASTIANO,Temple Bar,,3408035877,"Piazza Domenicani, 20, 39100 Bolzano BZ",,,,dopo il 6 giugno
SOLO_SEBASTIANO,Tiffany Lunch,,0471282499,"Piazza della Vittoria, 33, 39100 Bolzano BZ",Adil 3315881656,,,per ora non interessato
SOLO_SEBASTIANO,Bogen,,0471 1800384,"Via Dr. Josef Streiter, 31, 39100 Bolzano BZ",,,,già clienti
SOLO_SEBASTIANO,Residence Fink,,0471 095091,"Via della Mostra, 9, 39100 Bolzano BZ",,,,non interessati
SOLO_SEBASTIANO,Goldenstern Townhouse,,0471 060043,"Via Dr. Josef Streiter, 53, 39100 Bolzano BZ",,,,aggiornare tra qualche mese
SOLO_SEBASTIANO,Rosengarten Rooms & Apartments,,3400034065,"Via Catinaccio, 1, 39100 Bolzano BZ",,,,
SOLO_SEBASTIANO,Sir Thomas Bed & More,,0471 375346,"Via Goethe, 30, 39100 Bolzano BZ",,,,
SOLO_SEBASTIANO,Vögelino,,0471 1550949,"Piazza Walther, 2, 39100 Bolzano BZ",,,,
SOLO_SEBASTIANO,Corte - Bar & Bistro,,0471 058808,"Piazza Walther, 13, 39100 Bolzano BZ",,,,
SOLO_SEBASTIANO,Vital COFFEE,,0471 378092,"Piazza della Parrocchia, 10, 39100 Bolzano BZ",,,,
SOLO_SEBASTIANO,LOPEZ CAFÉ,,3920314110,"Via Alto Adige, 11, 39100 Bolzano BZ",,,,
SOLO_SEBASTIANO,Mozart,,3488544169,"Via Alto Adige, 27, 39100 Bolzano BZ",,,,
SOLO_SEBASTIANO,Gunther Gelato e Golosità,,3491447958,"P.za Alto Adige, 1A, 39100 Bolzano BZ",,,,
SOLO_SEBASTIANO,Pizza Pazza,,0471 1811191,"Via Alto Adige, 23, 39100 Bolzano BZ",,,,
SOLO_SEBASTIANO,Bamboo,,0471 050358,"Via dell'Isarco, 3, 39100 Bolzano BZ",,,,
NUOVA_DA_CHIAMARE,Alko S.n.c. Stublla Kujtim e Bleart,Bar,+39 0471 236702,"Corso Libertà 13, 39100 Bolzano","Kujtim Stublla, Bleart Stublla",,,
NUOVA_DA_CHIAMARE,Bar Ristorante F.lli Meli,Bar,+39 0471 911077,"Piazza Firmian 2, 39100 Bolzano","Giovanni Meli, Salvatore Meli",,,
NUOVA_DA_CHIAMARE,Zhan Weiwu & Zhang Weiwei S.n.c.,Bar,+39 0471 271726,"Via Claudia Augusta 64, 39100 Bolzano","Zhan Weiwu, Zhang Weiwei",,,
NUOVA_DA_CHIAMARE,Bar del Corso di Gabriele Santo Agostino,Bar,+39 0471 262602,"Via Giuliani Padre Reginaldo 1, 39100 Bolzano",Gabriele Santo Agostino,,,
NUOVA_DA_CHIAMARE,Soares Glenda Graziella,Bar,+39 0471 366321,"Via Claudia Augusta 37, 39100 Bolzano",Glenda Graziella Soares,,,
NUOVA_DA_CHIAMARE,Andrade Stefaner James,Bar,+39 0471 233198,"Via Leonardo da Vinci 16/C, 39100 Bolzano",James Andrade Stefaner,,,
NUOVA_DA_CHIAMARE,Bar Pia di Shahzad,Bar,+39 353 3812732,"Via Claudia Augusta 27, 39100 Bolzano",Muhammad Atif Shahzad,,,
NUOVA_DA_CHIAMARE,Bar Ristorante Circolo Tennis Gries,Bar,+39 347 3964215,"Via Knoller 8, 39100 Bolzano",Circolo Tennis Gries,,,
NUOVA_DA_CHIAMARE,Andreini Alessandra,Bar,+39 0471 375936,"Galleria Sernesi 27, 39100 Bolzano",Alessandra Andreini,,,
NUOVA_DA_CHIAMARE,101 Caffè Bolzano,Bar,+39 0471 1894184,"Galleria Europa 19, 39100 Bolzano",101 Caffè (catena),,,
NUOVA_DA_CHIAMARE,Binder di Parpaiola Claudio,Bar,+39 0471 970223,"Via dei Bottai 22/C, 39100 Bolzano",Claudio Parpaiola,,,
NUOVA_DA_CHIAMARE,Campanardi Sandra,Bar,+39 0471 539064,"Via del Ronco 9, 39100 Bolzano",Sandra Campanardi,,,
NUOVA_DA_CHIAMARE,Poberezco Natalia,Bar,+39 0471 348454,"Galleria Europa 1, 39100 Bolzano",Natalia Poberezco,,,
NUOVA_DA_CHIAMARE,Tre Erre di Rojas Juan Carlos,Bar,+39 0471 911074,"Via Palermo 37, 39100 Bolzano",Juan Carlos Rojas,,,
NUOVA_DA_CHIAMARE,Karwan Rasul Ali,Bar,+39 0471 236409,"Piazza Mazzini 48, 39100 Bolzano",Rasul Ali Karwan,,,
NUOVA_DA_CHIAMARE,Schipani Luciana,Bar,+39 0471 501499,"Via Sorrento 33, 39100 Bolzano",Luciana Schipani,,,
NUOVA_DA_CHIAMARE,Wlm S.a.s. di Segafredo Walter,Bar,+39 0471 253131,"Via Gaismair 10, 39100 Bolzano",Walter Segafredo,,,
NUOVA_DA_CHIAMARE,Ficale di Turrina Daniele,Bar,+39 345 2227720,"Via Argentieri 17, 39100 Bolzano",Daniele Turrina,,,
NUOVA_DA_CHIAMARE,Gelateria Bar Bersaglio,Bar,+39 0471 224423,"Piazzetta del Bersaglio 8, 39100 Bolzano",Francesco Perri,,,
NUOVA_DA_CHIAMARE,Gelateria Bar Bersaglio Resia,Bar,+39 0471 224826,"Via Resia 108, 39100 Bolzano",Francesco Perri,,,
NUOVA_DA_CHIAMARE,Gero S.a.s. di Gerardi Carmine,Bar,+39 0471 919283,"Via Dalmazia 37/B, 39100 Bolzano",Carmine Gerardi,,,
NUOVA_DA_CHIAMARE,Bar Mario di Trotto Massimo,Bar,+39 0471 095640,"Via Resia 98, 39100 Bolzano",Massimo Trotto,,,
NUOVA_DA_CHIAMARE,Caffe Gries di Tafani Silvana,Bar,+39 0471 375014,"Piazza Gries 7/A, 39100 Bolzano",Silvana Tafani,,,
NUOVA_DA_CHIAMARE,Tsurkan Nadiya,Bar,+39 0471 539531,"Via Roma 84/A, 39100 Bolzano",Nadiya Tsurkan,,,
NUOVA_DA_CHIAMARE,An di Nicastro Alex & Co.,Bar,+39 0471 233468,"Via Milano 100, 39100 Bolzano",Alex Nicastro,,,
NUOVA_DA_CHIAMARE,Bar Amedeo S.a.s. di Silla Lorenzo,Bar,+39 0471 537688,"Via Battisti 44, 39100 Bolzano",Lorenzo Silla,,,
NUOVA_DA_CHIAMARE,Bar San Marco S.n.c. di Jin Quianghua,Bar,+39 0471 260473,"Via Claudia Augusta 68/A, 39100 Bolzano",Jin Quianghua,,,
NUOVA_DA_CHIAMARE,Graeber Franz,Bar,+39 0471 379947,"Piazza Gries 11/A, 39100 Bolzano",Franz Graeber,,,
NUOVA_DA_CHIAMARE,Mur Christian,Bar,+39 0471 982953,"Via Brennero 7/A, 39100 Bolzano",Christian Mur,,,
NUOVA_DA_CHIAMARE,Peter Pub di Veronese Alex,Bar,+39 0471 278689,"Via San Vigilio 76/A, 39100 Bolzano",Alex Veronese,,,
NUOVA_DA_CHIAMARE,Satellite di Targa Tatiana,Bar,+39 0471 933098,"Via Cagliari 12, 39100 Bolzano",Tatiana Targa,,,
NUOVA_DA_CHIAMARE,White Devil di Manole Ionela,Bar,+39 0471 911226,"Via Resia 138, 39100 Bolzano",Ionela Manole,,,
NUOVA_DA_CHIAMARE,Ema S.n.c. di Modena Ivano,Bar,+39 0471 237393,"Via della Rena 1, 39100 Bolzano",Ivano Modena,,,
NUOVA_DA_CHIAMARE,Sasmaz Fatma,Bar,+39 0471 503288,"Via della Mendola 54/A, 39100 Bolzano",Fatma Sasmaz,,,
NUOVA_DA_CHIAMARE,Rasuli Hemn,Bar,+39 328 8868882,"Via Claudia Augusta 41/A, 39100 Bolzano",Hemn Rasuli,,,
NUOVA_DA_CHIAMARE,Tassi S.a.s. di Tassi Mirka,Bar,+39 0471 260830,"Via S. Vigilio 52, 39100 Bolzano",Mirka Tassi,,,
NUOVA_DA_CHIAMARE,Chen Dynasty di Zhang Jing,Bar,+39 0471 348331,"Piazza Anita Pichler 26, 39100 Bolzano",Zhang Jing,,,
NUOVA_DA_CHIAMARE,Ciao & Qiao di Yan Qiao,Bar,+39 339 3523315,"Via De Lai 4/B, 39100 Bolzano",Yan Qiao,,,
NUOVA_DA_CHIAMARE,Gelatiera Caffettiera Pennini,Bar,+39 388 1935902,"Via Resia 76/A, 39100 Bolzano",Pennini,,,
NUOVA_DA_CHIAMARE,Jin Chang S.n.c. di Xu Feng,Bar,+39 320 8596698,"Viale Duca D'Aosta 91, 39100 Bolzano",Xu Feng,,,
NUOVA_DA_CHIAMARE,Caffè Mattei,Bar,+39 0471 977665,"Piazza della Parrocchia 2, 39100 Bolzano",Mattei,,,
NUOVA_DA_CHIAMARE,Savino Coffee Shop,Bar,+39 0471 347136,"Via Torino 58, 39100 Bolzano",Savino,,,
NUOVA_DA_CHIAMARE,Bar Pizzeria Haidi,Bar,+39 0471 975183,"Via Renon 33, 39100 Bolzano",Haidi,,,
NUOVA_DA_CHIAMARE,Gelateria Bar Mario Bolzano,Bar,+39 0471 264502,"Via Santa Geltrude 48, 39100 Bolzano",Mario,,,
NUOVA_DA_CHIAMARE,Bar Alimentari Don Bosco,Bar,+39 0471 342879,"Piazza Don Bosco 4/A, 39100 Bolzano",,,,
NUOVA_DA_CHIAMARE,Bar Centro 2,Bar,+39 329 1937121,"Via Milano 20, 39100 Bolzano",,,,
NUOVA_DA_CHIAMARE,Bar Harty,Bar,+39 0471 930653,"Via Dùhrer 14, 39100 Bolzano",,,,
NUOVA_DA_CHIAMARE,Bar Romagnolo,Bar,+39 0471 501846,"Piazza Matteotti 8, 39100 Bolzano",,,,
NUOVA_DA_CHIAMARE,Bar Tennis,Bar,+39 0471 281519,"Via Pacher 2, 39100 Bolzano",,,,
NUOVA_DA_CHIAMARE,Cafe Maschin,Bar,+39 0471 324733,"Via Laurin 2, 39100 Bolzano",,,,
NUOVA_DA_CHIAMARE,Café Bistró 2000,Bar,+39 0471 285018,"Viale Duca D'Aosta 93, 39100 Bolzano",,,,
NUOVA_DA_CHIAMARE,Chef Express,Bar,+39 0471 978124,"Piazza della Stazione 12, 39100 Bolzano",,,,
NUOVA_DA_CHIAMARE,Coffee Bean,Bar,+39 0471 401738,"Corso Libertà 15, 39100 Bolzano",,,,
NUOVA_DA_CHIAMARE,Drink Bar Snc,Bar,+39 0471 970133,"Via del Macello 29, 39100 Bolzano",,,,
NUOVA_DA_CHIAMARE,Eden Park,Bar,+39 0471 978999,"Via Museo 4/B, 39100 Bolzano",,,,
NUOVA_DA_CHIAMARE,Elgian Semplificata,Bar,+39 0471 235444,"Via Amba Alagi 26, 39100 Bolzano",,,,
NUOVA_DA_CHIAMARE,Enolisa S.r.l.s.,Bar,+39 0471 980630,"Via Dr. Streiter 22/A, 39100 Bolzano",,,,
NUOVA_DA_CHIAMARE,Gds S.n.c.,Bar,+39 0471 978324,"Via Carducci 3, 39100 Bolzano",,,,
NUOVA_DA_CHIAMARE,La Cubana,Bar,+39 340 8693849,"Piazza Matteotti 11, 39100 Bolzano",,,,
NUOVA_DA_CHIAMARE,Marylin,Bar,+39 393 1751469,"Via della Posta 12, 39100 Bolzano",,,,
NUOVA_DA_CHIAMARE,Milano 192 Gelato,Bar,+39 0471 236500,"Via Milano 192/A, 39100 Bolzano",,,,
NUOVA_DA_CHIAMARE,Hotel Hanny,Hotel,+39 0471 973498,"Via S. Pietro 4, 39100 Bolzano","Famiglia Riegler (Margot, Karl, Anna, Josef)",info@hotelhanny.it,www.hotelhannybolzano.it,
NUOVA_DA_CHIAMARE,Hotel Lewald,Hotel,+39 0471 250330,"Via Maso della Pieve 17, 39100 Bolzano","Famiglia Lewald (Johanna, Monica, Christian)",info@lewald.it,www.lewald.it,
NUOVA_DA_CHIAMARE,Hotel Post Gries,Hotel,+39 0471 279000,"Corso Libertà 117, 39100 Bolzano",Famiglia Berger (Berger Hotel S.r.l.),info@hotel-post-gries.com,www.hotel-post-gries.com,
NUOVA_DA_CHIAMARE,Magdalener Hof,Hotel,+39 0471 978267,"Via Rencio 48, 39100 Bolzano",Famiglia Ramoser (Jakob Ramoser),info@magdalenerhof.it,www.magdalenerhof.it,
NUOVA_DA_CHIAMARE,More Magdalener Suite & Lounge,Hotel,+39 0471 978267,"Via Rencio 48/A, 39100 Bolzano",Famiglia Ramoser (Jakob Ramoser),info@magdalenerhof.it,www.magdalenerhof.it,
NUOVA_DA_CHIAMARE,Hotel Ristorante Eberle,Hotel,+39 0471 976125,"Passeggiata Sant'Osvaldo 1, 39100 Bolzano",Famiglia Zisser (Stefan Zisser),,,
NUOVA_DA_CHIAMARE,Albergo Trattoria Hofer,Hotel,+39 0471 913522,"Via Bergamo 19, 39100 Bolzano",Famiglia Hofer (probabile),info@hoferbz.com,www.hoferbz.com,
NUOVA_DA_CHIAMARE,Four Points by Sheraton,Hotel,+39 0471 1950000,"Via Bruno Buozzi 35, 39100 Bolzano",Marriott International,info@fourpointsbolzano.it,www.fourpointsbolzano.it,
NUOVA_DA_CHIAMARE,Gardenhotel Premstaller,Hotel,+39 0471 631166,"Via C. Firmiani 27/B, 39100 Bolzano",Famiglia Premstaller,info@hotel-premstaller.it,www.hotel-premstaller.it,
NUOVA_DA_CHIAMARE,Istituto Salesiano Rainerum,Hotel,+39 0471 972283,"P.zza Domenicani 15, 39100 Bolzano",Salesiani Don Bosco,albergogioventu@rainerum.it,www.rainerum.it,
NUOVA_DA_CHIAMARE,Stay Cooper - Capitol Rooms,Hotel,+39 327 1135751,"Via Dr. Streiter 6, 39100 Bolzano",Stay Cooper (brand),hello@stay-cooper.com,www.stay-cooper.com,
NUOVA_DA_CHIAMARE,Garni Alpen Queen,Hotel,+39 3271781324,"Via Macello 8, 39100 Bolzano",Vocolli (gestione),ristorantequeen.vocolli@hotmail.com,,
NUOVA_DA_CHIAMARE,B&B Hotel Garni Bolzano,Hotel,+39 0471 205454,"Via Werner Von Siemens 18, 39100 Bolzano",Gruppo B&B Hotels,bolzano@hotelbb.com,www.hotel-bb.com,
NUOVA_DA_CHIAMARE,Feichter Hotel & Living,Hotel,+39 0471 978768,"Via Grappoli 15, 39100 Bolzano",Famiglia Feichter,info@hotelfeichter.it,www.hotelfeichter.it,
NUOVA_DA_CHIAMARE,Gasthof Klaus,Hotel,+39 0471 329999,"Colle 15, 39100 Bolzano",Klaus Zelger,zelger.klaus@hotmail.de,www.gasthof-klaus.com,
NUOVA_DA_CHIAMARE,Bad St. Isidor,Hotel,+39 0471 365263,"Campegno 31, 39100 Bolzano",,info@badstisidor.it,www.badstisidor.it,
NUOVA_DA_CHIAMARE,Cappello di Ferro Hotel,Hotel,+39 0471 978397,"Via dei Bottai 21, 39100 Bolzano",,,,
NUOVA_DA_CHIAMARE,Castel Mareccio,Hotel,+39 0471 307000,"Via Alto Adige 60, 39100 Bolzano",,,,
NUOVA_DA_CHIAMARE,Ferrari Tower,Hotel,+39 0471 1552601,"Via del Macello 28, 39100 Bolzano",,info@ferrari-tower.com,,
NUOVA_DA_CHIAMARE,Gasthof Kohlern - Albergo Colle,Hotel,+39 0471 329978,"Colle 11, 39100 Bolzano",,info@kohlern.com,www.kohlern.com,
NUOVA_DA_CHIAMARE,Gatto Nero - Schwarze Katz,Hotel,+39 0471 975417,"S. Maddalena di Sotto 2, 39100 Bolzano",,info@schwarzekatz.it,www.schwarzekatz.it,
NUOVA_DA_CHIAMARE,Hotel Ariston,Hotel,+39 0471 916558,"Via Roma 82, 39100 Bolzano",,info@hotelaristonbz.it,www.hotelaristonbz.com,
NUOVA_DA_CHIAMARE,Hotel Asterix,Hotel,+39 0471 280437,"Piazza Mazzini 35, 39100 Bolzano",,info@hotelasterixbz.com,www.hotelasterixbz.com,
NUOVA_DA_CHIAMARE,Hotel Chrys,Hotel,+39 0471 921121,"Via Mendola 100, 39100 Bolzano",,info@chryshotel.it,www.chryshotel.it,
NUOVA_DA_CHIAMARE,Hotel Fiera,Hotel,+39 0471 539288,"Via Kravogl 3, 39100 Bolzano",,info@hotelfierabz.com,www.fierabolzano.it,
NUOVA_DA_CHIAMARE,Loom Hotel,Hotel,+39 0471 283075,"Via Copernico 11, 39100 Bolzano",,info@loomhotel.com,www.loomhotel.com,
NUOVA_DA_CHIAMARE,Parkhotel Werth - Business Resort,Hotel,+39 0471 250103,"Via Maso della Pieve 19, 39100 Bolzano",,info@hotelwerth.com,www.hotelwerth.com,
NUOVA_DA_CHIAMARE,Pension Röllhof,Hotel,+39 347 4762389,"Campegno 27, 39100 Bolzano",,info@roellhof.com,www.roellhof.com,
NUOVA_DA_CHIAMARE,In Viaggio - Claudio Melis,Ristorante,+39 0471 980214,"Via Piave 15, 39100 Bolzano","Chef Claudio Melis, Monica Wieser, Robert Wieser",,inviaggioristorante.com,
NUOVA_DA_CHIAMARE,Ristorante Zur Kaiserkron,Ristorante,+39 0471 028000,"Piazza della Mostra 1, 39100 Bolzano",Chef Filippo Sinisgalli (Executive),,ristorantezurkaiserkron.it,
NUOVA_DA_CHIAMARE,Osteria Vögele,Ristorante,+39 0471 973938,"Via Goethe 3, 39100 Bolzano",Famiglia Alber (Alber Wilhelm SRL),,www.voegele.it,
NUOVA_DA_CHIAMARE,U.P.A.D.,Ristorante,+39 0471 916491,"Via Firenze 51, 39100 Bolzano",U.P.A.D. (associazione),,,
NUOVA_DA_CHIAMARE,Stella Alpina Ben Fredj Abdeljelil,Ristorante,+39 0471 503230,"Viale Europa 37, 39100 Bolzano",Abdeljelil Ben Fredj,,,
NUOVA_DA_CHIAMARE,Signorvino,Ristorante,+39 0471 972089,"Piazza Walther, 39100 Bolzano",Signorvino (catena),,,
NUOVA_DA_CHIAMARE,Braceria Catizone Lucrezia,Ristorante,+39 0471 910095,"Via della Mendola 62, 39100 Bolzano",Lucrezia Catizone,,,
NUOVA_DA_CHIAMARE,Restaurant Valier - Four Points,Ristorante,+39 0471 1950000,"Via Bruno Buozzi 35, 39100 Bolzano",Marriott/Sheraton,info@fourpointsbolzano.it,www.fourpointsbolzano.it,
NUOVA_DA_CHIAMARE,Baumannhof - Buschenschank,Ristorante,+39 0471 365663,"Costa di Sopra 6, 39100 Bolzano",Famiglia Baumann,info@baumannhof-bz.it,www.baumannhof-bz.it,
NUOVA_DA_CHIAMARE,Pizzium Bolzano,Ristorante,+39 0471 1920208,"Corso Italia 13/A, 39100 Bolzano",Pizzium (catena),,,
NUOVA_DA_CHIAMARE,Argenton Daniel,Ristorante,+39 0471 342019,"Via Claudia Augusta 89, 39100 Bolzano",Daniel Argenton,,,
NUOVA_DA_CHIAMARE,Caffetteria Ristorante Pizzeria da Libero,Ristorante,+39 0471 918509,"Via Dalmazia 81/A, 39100 Bolzano",Libero Cariglia,,,
NUOVA_DA_CHIAMARE,Eberle,Ristorante,+39 0471 976125,"Passeggiata Sant'Osvaldo 1, 39100 Bolzano",Famiglia Zisser,,,
NUOVA_DA_CHIAMARE,Green Bistro di Sireus Giordano,Ristorante,+39 0471 910645,"Via della Visitazione 4/D, 39100 Bolzano",Giordano Sireus,,,
NUOVA_DA_CHIAMARE,Hotel Ristorante Posta Gries,Ristorante,+39 0471 279000,"Corso Libertà 117, 39100 Bolzano",Famiglia Berger,info@hotel-post-gries.com,www.hotel-post-gries.com,
NUOVA_DA_CHIAMARE,Osteria di Vicentini Marco,Ristorante,+39 0471 503191,"Via Torino 82/B, 39100 Bolzano",Marco Vicentini,,,
NUOVA_DA_CHIAMARE,Ristorante Lewald,Ristorante,+39 0471 250330,"Via Maso della Pieve 17, 39100 Bolzano",Famiglia Lewald,info@lewald.it,www.lewald.it,
NUOVA_DA_CHIAMARE,Bar Padovana by Nano e Nica,Ristorante,+39 0471 1703881,"Via Milano 100, 39100 Bolzano",Nano e Nica,,,
NUOVA_DA_CHIAMARE,Forsterbräu Central,Ristorante,,"Bolzano Centro, 39100 Bolzano",Birra Forst,,,
NUOVA_DA_CHIAMARE,Lin Gaofen,Ristorante,+39 0471 923725,"Via Resia 61, 39100 Bolzano",Gaofen Lin,,,
NUOVA_DA_CHIAMARE,McDonald's Buozzi,Ristorante,+39 0471 532161,"Via Bruno Buozzi 32, 39100 Bolzano",McDonald's,,,
NUOVA_DA_CHIAMARE,McDonald's C/O Twenty,Ristorante,+39 0471 1982881,"Via Galilei, 39100 Bolzano",McDonald's,,,
NUOVA_DA_CHIAMARE,Da Zio Alfonso,Ristorante,+39 0471 286160,"Viale Druso 50, 39100 Bolzano",Alfonso,,,
NUOVA_DA_CHIAMARE,Ristorante Persiano Khatoon,Ristorante,+39 351 3444296,"Corso Italia 38, 39100 Bolzano",Khatoon,,,
NUOVA_DA_CHIAMARE,Ristorante Pizzeria Veruska,Ristorante,+39 0471 977046,"Via Andreas Hofer 8, 39100 Bolzano",Veruska,,,
NUOVA_DA_CHIAMARE,Caffetteria da Libero,Ristorante,+39 0471 500295,"Via Alessandria 19, 39100 Bolzano",Libero,,,
NUOVA_DA_CHIAMARE,Passione Pizza da Angelo (Don Bosco),Ristorante,+39 0471 917021,"Via Milano 134, 39100 Bolzano",Angelo,,,
NUOVA_DA_CHIAMARE,Ristorante Carmen,Ristorante,+39 0471 911510,"Via Rovigo 82, 39100 Bolzano",Carmen,,,
NUOVA_DA_CHIAMARE,Ristorante Pizzeria da Angelo,Ristorante,+39 0471 911074,"Via Palermo 37, 39100 Bolzano",Angelo,,,
NUOVA_DA_CHIAMARE,Salewa Bivac,Ristorante,+39 0471 1881447,"Via Waltraud-Gebert-Deeg 6, 39100 Bolzano",Salewa,,,
NUOVA_DA_CHIAMARE,Telser,Ristorante,+39 0471 260156,"Galleria Telser 10, 39100 Bolzano",Telser,,,
NUOVA_DA_CHIAMARE,Antico Ristorante Pizzeria da Piero,Ristorante,+39 0471 401343,"Piazza Gries 16, 39100 Bolzano",Piero,,,
NUOVA_DA_CHIAMARE,Osteria da Marco,Ristorante,+39 389 8742475,"Via della Zecca 16, 39100 Bolzano",Marco,,,
NUOVA_DA_CHIAMARE,Mair,Ristorante,+39 0471 913385,"Via Palermo 22/A, 39100 Bolzano",Mair,,,
NUOVA_DA_CHIAMARE,Pizzeria da Gigi,Ristorante,+39 0471 934218,"Via Verona 27, 39100 Bolzano",Gigi,,,
NUOVA_DA_CHIAMARE,Gul Ristorante Indiano,Ristorante,+39 0471 970518,"Via Doktor J. Streiter 2, 39100 Bolzano",Gul,,,
NUOVA_DA_CHIAMARE,Al Ponte,Ristorante,+39 0471 916491,"Via Roma 78, 39100 Bolzano",,,,
NUOVA_DA_CHIAMARE,Albergo Colle,Ristorante,+39 0471 329978,"Colle 11, 39100 Bolzano",,info@kohlern.com,www.kohlern.com,
NUOVA_DA_CHIAMARE,All'Olmo,Ristorante,,"Via Antonio Pacinotti 15, 39100 Bolzano",,,,
NUOVA_DA_CHIAMARE,Alla Corte,Ristorante,+39 0471 261034,"Via Claudia Augusta 121, 39100 Bolzano",,,,
NUOVA_DA_CHIAMARE,Altro che pizza,Ristorante,+39 0471 253587,"Via Roma 53, 39100 Bolzano",,,,
NUOVA_DA_CHIAMARE,Anatolia,Ristorante,+39 389 6360266,"Via Aslago 55, 39100 Bolzano",,,,
NUOVA_DA_CHIAMARE,Bar Bistro Gambrinus,Ristorante,+39 0471 283242,"Viale Duca D'Aosta 21, 39100 Bolzano",,,,
NUOVA_DA_CHIAMARE,Bar Resia Bistró,Ristorante,+39 0471 913074,"Via Resia 166, 39100 Bolzano",,,,
NUOVA_DA_CHIAMARE,Bar Ristorante Hong Kong,Ristorante,+39 0471 400578,"Via Claudia Augusta 25/A, 39100 Bolzano",,,,
NUOVA_DA_CHIAMARE,Batzenhäusl - Ca' de Bezzi,Ristorante,+39 0471 050950,"Via Andreas Hofer 30, 39100 Bolzano",,,,
NUOVA_DA_CHIAMARE,Bistro Lampl,Ristorante,+39 0471 970066,"Via Rencio 53, 39100 Bolzano",,,,
NUOVA_DA_CHIAMARE,Bistro' Dalmazia Bar,Ristorante,+39 0471 910004,"Via Dalmazia 39, 39100 Bolzano",,,,
NUOVA_DA_CHIAMARE,Café Pizzeria Maso della Pieve,Ristorante,+39 0471 250197,"Via Maso della Pieve 9, 39100 Bolzano",,,,
NUOVA_DA_CHIAMARE,Cibus,Ristorante,,"Zona Industriale, 39100 Bolzano",,,,
NUOVA_DA_CHIAMARE,City Chicken,Ristorante,+39 392 4088313,"Via Firenze 9, 39100 Bolzano",,,,
NUOVA_DA_CHIAMARE,Dom Ristorante al Bocciodromo,Ristorante,+39 0471 917105,"Viale Trieste 17, 39100 Bolzano",,,,
NUOVA_DA_CHIAMARE,Dublin Pub,Ristorante,+39 0471 932979,"Via Luigi Negrelli 13, 39100 Bolzano",,,,
NUOVA_DA_CHIAMARE,East & West,Ristorante,+39 388 9844400,"Via del Ronco 19/B, 39100 Bolzano",,,,
NUOVA_DA_CHIAMARE,Eureka Caffe,Ristorante,+39 0471 931048,"Via Rovigo 94, 39100 Bolzano",,,,
NUOVA_DA_CHIAMARE,Feng Sheng,Ristorante,+39 0471 273321,"Corso Libertà 64/A, 39100 Bolzano",,,,
NUOVA_DA_CHIAMARE,Fermento,Ristorante,+39 335 8004005,"Via Palermo 11/C, 39100 Bolzano",,,,
NUOVA_DA_CHIAMARE,Fischbanke,Ristorante,+39 340 5707468,"Dr.-Streiter Gasse 28, 39100 Bolzano",,,,
NUOVA_DA_CHIAMARE,Food Clab,Ristorante,+39 391 4670813,"Via Innsbruck 29/A, 39100 Bolzano",,,,
NUOVA_DA_CHIAMARE,Franziskanerstuben,Ristorante,+39 0471 976183,"Via Francescani 7, 39100 Bolzano",,,,
NUOVA_DA_CHIAMARE,Fredi,Ristorante,+39 0471 922877,"Via C. Augusta 16/G, 39100 Bolzano",,,,
NUOVA_DA_CHIAMARE,Funicoli' S.a.s.,Ristorante,+39 0471 931716,"Via Palermo 10, 39100 Bolzano",,,,
NUOVA_DA_CHIAMARE,Good Day Cafè,Ristorante,+39 327 0714000,"Corso Libertà 14, 39100 Bolzano",,,,
NUOVA_DA_CHIAMARE,Gyros Atene Bar,Ristorante,+39 345 5892824,"Via Resia 49, 39100 Bolzano",,,,
NUOVA_DA_CHIAMARE,Il Caffè Borbone,Ristorante,+39 0471 1817554,"Via della Visitazione 16/C, 39100 Bolzano",,,,
NUOVA_DA_CHIAMARE,Il Vascello,Ristorante,+39 327 7720732,"Corso Italia 27, 39100 Bolzano",,,,
NUOVA_DA_CHIAMARE,L'Osteria,Ristorante,+39 327 7950513,"Via Torino 82, 39100 Bolzano",,,,
NUOVA_DA_CHIAMARE,La Grolla,Ristorante,+39 0471 920101,"Viale Druso 98, 39100 Bolzano",,,,
NUOVA_DA_CHIAMARE,La Piadineria,Ristorante,+39 0471 914567,"Via G. Galilei 20, 39100 Bolzano",,,,
NUOVA_DA_CHIAMARE,La Piadineria Romagnola,Ristorante,+39 0471 914516,"Via Dalmazia 77/C, 39100 Bolzano",,,,
NUOVA_DA_CHIAMARE,Marechiaro,Ristorante,+39 0471 402319,"Via Vicenza 14, 39100 Bolzano",,,,
NUOVA_DA_CHIAMARE,Nadamas,Ristorante,+39 0471 980684,"Piazza delle Erbe 43/44, 39100 Bolzano",,,,
NUOVA_DA_CHIAMARE,New Pizza Kebab Service,Ristorante,+39 389 7994714,"Corso Libertà 76, 39100 Bolzano",,,,
NUOVA_DA_CHIAMARE,Ni Hao,Ristorante,+39 0471 280776,"Via Vittorio Veneto 23, 39100 Bolzano",,,,
NUOVA_DA_CHIAMARE,Nihao S.r.l.,Ristorante,+39 0471 289269,"Piazza Mazzini 15, 39100 Bolzano",,,,
NUOVA_DA_CHIAMARE,Nihao S.r.l. (Europa),Ristorante,+39 0471 933145,"Viale Europa 60, 39100 Bolzano",,,,
NUOVA_DA_CHIAMARE,Noisteria,Ristorante,+39 388 8228895,"Via Volta 15, 39100 Bolzano",,,,
NUOVA_DA_CHIAMARE,Nto Ziffredu,Ristorante,+39 0471 913366,"Via Bari 33, 39100 Bolzano",,,,
NUOVA_DA_CHIAMARE,Nuova Capri,Ristorante,+39 0471 930865,"Via Resia 67, 39100 Bolzano",,,,
NUOVA_DA_CHIAMARE,Piccerella Pizzeria e Friggitoria,Ristorante,+39 0471 224511,"Via Cesare Battisti 25, 39100 Bolzano",,,,
NUOVA_DA_CHIAMARE,Pizza Okey,Ristorante,+39 0471 203699,"Via Werner Von Siemens 4, 39100 Bolzano",,,,
NUOVA_DA_CHIAMARE,Pizza al Chiosco,Ristorante,+39 0471 1922690,"Viale Trieste 19/B, 39100 Bolzano",,,,
NUOVA_DA_CHIAMARE,Pizza e Dintorni,Ristorante,+39 0471 272261,"Viale Duca D'Aosta 28/A, 39100 Bolzano",,,,
NUOVA_DA_CHIAMARE,Pizzacall,Ristorante,+39 0471 059400,"Via Marconi 19, 39100 Bolzano",,,,
NUOVA_DA_CHIAMARE,Pizzeria Doppiozero,Ristorante,,"Via Maso della Pieve 2/E, 39100 Bolzano",,,,
NUOVA_DA_CHIAMARE,Punjabi Tadka Indian Restaurant,Ristorante,+39 349 0051312,"Via Renon 14, 39100 Bolzano",,,,
NUOVA_DA_CHIAMARE,Real Frabe S.r.l.,Ristorante,+39 0471 052788,"Via Volta 3, 39100 Bolzano",,,,
NUOVA_DA_CHIAMARE,Restaurant 37,Ristorante,,"Bolzano Centro, 39100 Bolzano",,,,
NUOVA_DA_CHIAMARE,Restaurant Pizzeria Gambrinus,Ristorante,+39 0471 270887,"Via Antonio Locatelli 8, 39100 Bolzano",,,,
NUOVA_DA_CHIAMARE,Ristorante Castel Flavon,Ristorante,+39 0471 402130,"Via Castel Flavon 48, 39100 Bolzano",,,,
NUOVA_DA_CHIAMARE,Ristorante Grissino,Ristorante,+39 0471 056888,"Via del Macello 53, 39100 Bolzano",,,,
NUOVA_DA_CHIAMARE,Ristorante Stella Alpina,Ristorante,,"Via Claudia Augusta 97a, 39100 Bolzano",,,,
NUOVA_DA_CHIAMARE,Ristoro Imbiss Kampill,Ristorante,+39 0471 323623,"Via Hildegard Straub 23, 39100 Bolzano",,,,
NUOVA_DA_CHIAMARE,Rockin Beets,Ristorante,+39 388 3684746,"Via Rovigo 24, 39100 Bolzano",,,,
NUOVA_DA_CHIAMARE,Saint Patrick,Ristorante,+39 333 8849271,"Via Fago 46/C, 39100 Bolzano",,,,
NUOVA_DA_CHIAMARE,Shalla Pizza,Ristorante,+39 0471 1941610,"Via Rovigo 24/A, 39100 Bolzano",,,,
NUOVA_DA_CHIAMARE,Thai - Oriental,Ristorante,+39 0471 280078,"Piazza Mazzini 35, 39100 Bolzano",,,,
NUOVA_DA_CHIAMARE,The Raum,Ristorante,+39 0471 253792,"Via Galilei 10/E, 39100 Bolzano",,,,
NUOVA_DA_CHIAMARE,Tip Top,Ristorante,+39 0471 281330,"Via San Vigilio 35, 39100 Bolzano",,,,
NUOVA_DA_CHIAMARE,Tree Brasserie,Ristorante,+39 0471 1532377,"Via Piave 15, 39100 Bolzano",,,,
NUOVA_DA_CHIAMARE,Un Melograno Ristorante,Ristorante,+39 0471 266648,"Via Verona 6, 39100 Bolzano",,,,
NUOVA_DA_CHIAMARE,Vesuvio,Ristorante,+39 0471 917161,"Viale Trieste 44, 39100 Bolzano",,,,
NUOVA_DA_CHIAMARE,WineBistro Gries 13,Ristorante,+39 0471 1632477,"Piazza Gries 13, 39100 Bolzano",,,www.gries13.it,
NUOVA_DA_CHIAMARE,Zushi,Ristorante,+39 0471 283440,"Corso Italia 13, 39100 Bolzano",,,,
